subreddit,selftext,title
physiotherapy,"Hi Physios!   
I am a 3rd year student in the Netherlands, trying to find a topic for my literature review and graduation project, and I thought about Vestibular therapy for Peripheral Vestibular Hypofunction in the elderly to improve the symptoms of dizziness, vertigo, and disequilibrium. 

my question is, in your country, do you have to be a certified vestibular therapist to apply the vestibular treatment? can I do an internship in my 4th year and apply the therapy without an additional course?  

I am thinking to do my internship in Canada/England/Israel. so if you can give me information regarding those countries and vestibular therapy, that's would be amazing. 

thank you in advance! a Physio-student.","Are you a physio in Canada, UK or Israel?"
physiotherapy,"Hi, Iâ€™m currently doing an access course with hopes to do Physio next year. Iâ€™m trying  to secure some work experience/shadowing to detail in my personal statement. Problem is Iâ€™m struggling to find anywhere that will do it. Iâ€™ve contacted my local hospital trust volunteer service and they just said they donâ€™t have any places for that? Iâ€™ve spoke to about 5 or 6 private clinics who have said no for different reasons. Iâ€™m gonna broaden my search to sport clubs. 

Has anyone got any advise with regards getting some tangible experience I can list on a personal statement. What did you guys do? UK btw.",Work Experience/Shadowing UK
physiotherapy,"Iâ€™ve been practicing as an MSK physio in New Zealand for 3 years now and also did my study here. 

Does anyone else feel disillusioned over the fact that a majority of how we diagnose and treat people are based on relatively valueless means? So much evidence that comes out nowadays shows that a lot of msk conditions will spontaneously resolve even without our help. Iâ€™ve always tied this to the possible reason of why physios get paid so little no matter where you are, given that we bring so little intrinsic value to the consumers of our services.",Are we a valueless profession?
physiotherapy,"Seems to a bit of a controversial topic, but keen to hear from anyone with clinical experience and their thoughts on VMO activation and the research surrounding it",Evidence for VMO training
physiotherapy,,HCPC registration - what the heck I need to do
physiotherapy,"I'm mainly talking about:

* Reducing acquired flatfeet which are contributing to ankle and knee pain
* plantar fasciitis
* shin splints

Once you've addressed the more proximal joints, the research and general attitudes towards towards ankle strength (I'm ignoring mobility issues here) are a bit vague except that there is an intense focus on tibialis posterior activation and strength.

The rationale of course being that a) medial collapse is caused by pronation so we should do the opposite of that and b) tib post **supports the arch of the foot.**

Point b) never made sense to me. Anatomically speaking, the tib post tendon doesn't *traverse* the arch but I'll concede that if off-loads it a bit.

Meanwhile my instructors and the research in general don't say much about fibularis strength which is bizarre since the tendon of fibularis longus *does* cross the arch; it's also a thicker tendon.

&amp;#x200B;

I'd like to hear from anybody who's dealt with this in clinical practice and if anybody knows any good research on the topic. The fibularis muscles are also quite hard to isolate.",(Australian student) I don't understand the focus on tibialis posterior for many foot-related issues - would love to hear from any running/foot specialists
physiotherapy,"American currently in school to be a pta (physical therapist assistant), recently my wife and I decided we do not want to remain here. My issue I have realized is all of Europe calls it physiotherapy not physical therapy and entry level is a bachelor's, with the ability to further your education to a masters or doctorate. Whereas here in the United States, entry level is an associate's and you can't be a PT unless you have a doctorates, there is no middle ground. What should/can I do to become certified overseas? Competency exams or schooling? Thank you!",Any ptas living abroad
physiotherapy,"As the title says, does one need to do so so that the patient believes it? How does one do so?

Thank you","Does one have to ""sell"" Physiotherapy?"
physiotherapy,"Hi all! 

Australian physio here hoping to move to Canada (Toronto) with a working holiday visa. As it'll be a max of 2 years stay I don't really want to go through the whole re-accrediting myself thing, and I'm looking for a relatively light on job so we can travel etc on weekends and not get bogged down with work. 
 I've had a look at a couple of PTA jobs but they all seem to require a specific PTA course- is this a legal requirement or would being a physio somewhere else be enough? Also looking at doing my Pilates cert but I don't particularly want to do that all week. 

Any thoughts on physio-adjacent work I could look into would be much appreciated!",Physio adjacent jobs in Canada
physiotherapy,"Hi guys,

I'm a second year physio student studying in Ireland. So this dilemma has been weighing quite heavily on my mind for the last while. 

I don't know why I suddenly lost my passion for being a physio. Originally I chose this career to help people and to have a hopefully fulfilling career. However, I have felt nothing but intense stress and occasional doubt while pursuing the degree. I don't know if it is because I doubt my abilities, or if it is because I'm not cut out for the stress. It's only my first week back at college and I already feel overwhelmed and incapable.

 Am I in too over my head if this is how I feel while studying? I Can only imagine it gets more difficult in hospitals/clinics. Is it normal to feel like this? If anyone has any tips, or if any physio out there has gone through this, could you please offer some advice?",Unsure physio student
physiotherapy,Will be going to study physio BSc in the UK and want to be prepared,Which Anatomy Flashcards would you recommend?
physiotherapy,[removed],Cheap/Free Courses to do for extra credentials
physiotherapy,"Hey everyone! I wanted to get some honest opinions about whether I should pursue a degree in physiotherapy or not. So a little back story about me is I recently graduated from a Kinesiology program in Ontario and was really hoping Iâ€™d get into a PT program here after graduating. My grades however were not so great, which made it impossible for me to be accepted at any of the programs in Canada as they are very competitive. So Iâ€™ve been looking at programs abroad (mainly the UK, Australia, NZ, and Ireland) but I had no luck with the masters programs in the UK and was told Australia would be similar. I decided to apply for a bachelors in physiotherapy in NZ since it seems to be my only option. I was wondering if you all think it is worth it to go through another 3-4 years of schooling after having recently graduated (2020).",Canadian physios
physiotherapy,"Recently just commenced at a new placement in an acute cardiorespiratory context and have encountered a difficult scenario involving my CE during my first week and I'm looking for advice. Note it is my first time working in this context.

Essentially, I was due to assess and administer treatment of a patient with tuberculosis, for the first time. The patient was in an isolation room with full PPE precautions required. 

Prior to visiting the patient and with my assessment and treatment plan prepared, I asked if I required supervision with this patient. There were many attachments that I'd need to disconnect to mobilise patient that I was encountering in practice for the first time. Similarly, I also wanted to ensure I was following correct infection control procedures. 

At the time, my supervisor said I didn't require supervision with the patient. So, I visited the patient independently and with the assistance of the nurse donned PPE and administered treatment. I had to figure out the attachments myself, and luckily it was not too complex. However, I felt somewhat uncomfortable treating in this context without supervision.

A few hours after treating the patient, I was called into my supervisors office and interrogated. Basically asked why I was unsupervised when treating patient. When I told him I asked a nurse for assistance he asked me for specific information on which nurse it was.

I found the entire situation confusing and stressful, considering he confirmed that it was fine in the first instance after I specifically asked. And that none of the other clinicians, who I actually handover to immediately prior to seeing the patient deemed that I should be supervised.

Overall, I feel the situation has jeopardised my placement and caused considerable stress and I'm unsure how best to proceed.","Confusing situation on placement, advice needed? (Australia)"
physiotherapy,Opinion about Bowen technique? Used in your country?,Opinion about Bowen technique
physiotherapy,,WTF is wrong with my back? Am I Quasimodo?
physiotherapy,"Hi, I am looking at studying the MSC pre-reg Physiotherapy course as a UK based postgraduate student.  I was wondering if anyone knew whether it was possible to study this course (or an equivalent) at a university abroad?",MSC Physiotherapy courses abroad taught in English?
physiotherapy,"Hello everyone!  


I started to learn German already but I'm looking for master programs in English because I feel more comfortable with it. I graduated from Istanbul Medipol University with Bachelor's degree in Physiotherapy and Rehabilitation (100% English taught program). I have questions:  


1) I sent mail to 5 universities about if I need IELTS since my BA degree was English taught program anyway. They said I don't need IELTS but I'm still not sure if that put me to lower rank when it comes to both university and visa application.

2) Since there is no directly related program to Physiotherapy in English in Germany, does it make sense to do the following masters as a physiotherapist in Germany:  


Physical Activity and Health  
Clinical Exercise Science  
Sport and Exercise Science  
Sports, Exercise and Human Performance  
Neuroscience

&amp;#x200B;

Thanks in advance!",Master in Physiotherapy in Germany
physiotherapy,"After graduating a bachelor's degree, what does it take to go into specialisation/Masters?",How do you become a specialist Physiotherapist in Australia?
physiotherapy,,Has anyone here done a physiotherapy access course (UK)
physiotherapy,"After an exchange that got pretty nasty with a user who claimed he wasn't diagnosing a patient and yet another one this morning who even came up with 4 possible diagnoses we want to clarify what we understand by the term.

As soon as a poster gives an answer like

* It could be a torn &lt;whatever&gt; but ask your physio
* It is a tight &lt;whatever&gt;
* You probably have a damaged &lt;whatever&gt;
* I suspect it to be &lt;whatever&gt;
* You have &lt;whatever&gt; but it could also be &lt;whatever&gt;
* Tell your physio to look at your &lt;whatever&gt; because it could be &lt;whatever&gt;

 **you are diagnosing.**

There are more examples but these are the ones that pop up a couple times a week. Most of you won't see them because they're gone ASAP.

There are a couple reasons why we are so vehemently against it. It is not only because it is highly unethical to diagnose a patient without seeing him/her in real life. A second, similarly important reason is that once you have put something in someone's head it is pretty much impossible to get it out again. How would you like it when your patient would tell you ""Yeah, you could be right but these guys on reddit told me it was &lt;whatever&gt;"". 

And then there is the reason, albeit of less importance IMHO, that we al have worked hard to get our degrees and why should we offer advice for free?

Ofcourse a colleague could be wrong and sometimes a second opinion can be helpful. In our opion the downsides are more important.

Posters who proffer diagnoses and/or advice in a vague way get way with a slap on the wrist and their post is removed. More obvious ""offenders"" get a 30 day ban. Recidivists get a permanent ban. 

Obviously not-so-serious remarks like

* your chacra is out of line
* you dislodged your aura
* stop wearing red T-shirts
* have you looked at the color of your morning pipi

will not be sanctioned. Allthough, erm, some patients may even take these serious.

All that being said, Reddit has changed the rules about giving medical advice some time ago. It is now not generally forbidden to do so and moderators can define their own rules. We hope we have been able to clarify a frew things as to why we won't have it on this sub. 

Cheers everybody

u/physiomod

u/physiotherrorist",A few words about diagnosing
physiotherapy,"If a physiothetapist wants to practise in a different area after a few months or years, eg from respiratory physiotherapy on wards and intensive care units to neurological physiotherapy, is the salary and level the same or would it be lower because it is a different area than what they were doing previously?

Thanks!",Changing to different areas of Physiotherapy
physiotherapy,"I understand i might be breaking a rule of this subreddit. Im sorry but Iâ€™m desperate. If you could dm that would work.

Hello everyone , i come here today because after three physical therapy sessions i feel as though my physical therapist may not know exactly what he is talking about or is not taking me seriously. Additionally, i am a bit desperate.

Six years ago i rolled my ankle when i stepped into a hole on the field while at practice. I couldnâ€™t walk for two days without pain and the front of my ankle was swollen. I was 17 at the time and had been lifting weights in bodybuilding fashion for a few years. Maybe two months afterward i noticed the calf on the injured ankle had atrophied significantly like ALOT and i was no longer getting pumps in that calf as opposed to my other calf muscle which functions normally and was a great deal larger. I figured it would return to normal on its own eventually and i had other life events sidetrack my life in the gym to the point where i stopped working out completely.

I am now 23 and upon my return to the gym over a year ago i still cannot feel the calf muscle on that leg and it remains smaller than my other calf. I donâ€™t believe it is not a mind-muscle thing because i do not even feel a stretch in the left calf muscle when i stand on ledge while i do feel it in my right calf and Iâ€™ve tried doing single leg calf exercises. I also notice some overdevelopment on the outside of my calf while the main muscle that forms the bulk of it remains unresponsive no matter what. I can still flex the calf on the injured side but i do not get the tight cramping feeling i would get prior to my injury.

I went to see an orthopedic as i thought i might have a dislocated ankle and he took some x rays but found nothing wrong. My insurance declined to pay for a MRI.

Additionally my injured ankle pops a lot and in a more forceful manner than my other ankle and is quite loud. My physical therapist who Iâ€™ve been seeing for two weeks gave me some daily home exercises and a band such as dorsiflexion, inversion, and eversion. 

When i got for my visits he has me do some balancing exercises and calf raises and continually asks me if i feel the muscle but i do not. 

Today he tells me that there is not much they can do for nerve damage contradicting what he said previously about trying an EMS machine. Also tells me that Iâ€™m not eating enough protein and gives me basic workout information Iâ€™ve known since i was 13. This made me really lose some faith him.

Iâ€™ve had other injuries including a torn shoulder but nothing that i couldnâ€™t move past like this.

I just want to know if anyone here has seen anything similar to this and could help me or tell me what to do as Iâ€™m quite frustrated and just want to get things back to normal where i can get back to bodybuilding.

Sorry if this was but long but i wanted to give as many details as possible.

Thanks for your time.",6 year injury- no feeling in calf.
physiotherapy,"I am based in Australia, and come November I will have completed the 2nd year of my 4 year PT course â€“ with a 4 month gap before the start of 3rd year. I'm wondering if at this stage in my course I have enough practical knowledge to land a job as a PTA or at least something close to the field, which I can add to my resume as work experience. 

Any input you have would be greatly appreciated, thanks!","At the end of the second year of my undergraduate PT degree, is it too soon to be looking for a job as a PT assistant?"
physiotherapy,"Does a physiotherapy (pre-registration) programme teach one almost everything one needs to know in Physiotherapy? After graduation, will one be able to carry out assessments and know what to do or would you say they would still need supervision?

&amp;#x200B;

\-UK/ Australia/ New Zealand",Graduates of Physiotherapy
physiotherapy,I do not know what it is called hence why i am asking here..  He tested my left leg with trying to push it down in different rotations. He did this with ease and even with 2 Fingers. After this he pressed hard into my abdomen on my left side. and massaging it deeply. After this he retested and he could not get my leg down in any rotation. It was like a total 1 minute transformation. Does anyone here have any idea what he did. i am shocked,Can someone here help me figure out what my physio therapist did on me!! it was amazing.
physiotherapy,"Functional Range Conditioning

Hi guys, so Iâ€™m looking to take an FRC course as I am huge on mobility coming from a background in Personal Training and Yoga as my previous careers in client care. I am now a a PTA working in New York where I work in outpatient setting seeing a widespread of conditions and I believe this course would continue to reinforce some neuromuscular responses to stretching/strengthening in various tissue lengths. I believe application of what the course entails would be mostly applicable to some clientele as well as beneficial to me and my side hustle continuing to work as a Yoga teacher &amp; private training. 

Would love some feedback on what your experiences are.",Functional Range Conditioning FRC
physiotherapy,,I still prefer Emma Peel
physiotherapy,"So, I'm an Indian 12th grade student. I'm considering taking a bpt(bachelor of physiotherapist) course. 
So what would be the average salaries for physios in countries like Canada, Germany, France or Switzerland?
And how likely it is for an Indian citizen to get a job there, Like is it supper hard to get one there?",average salary for physios in American and European countries
physiotherapy,"Would I need a lot of strength/ stamina if I want to work as a physiotherapist?

Is there an area of physiotherapy where one does not lift the patient a lot, does not really give the patients exercises etc?

Thanks!

\-UK/ Australia/ New Zealand",Physiotherapist as a career - Strength required?
physiotherapy,,cross post from r/RedSmileGroup :-)
physiotherapy,"37 year old male with right shoulder partial thickness tear. He came with shoulder pain, weakness, less  ROM and muscle atrophy. I am a physiotherapist. I released his  muscles pectoralis, teres mineo, subscapularis, trapezius and rhomboids first to bring about change in his movements. When we saw improvements, then we began with active assisted ROM, he felt way better and that to helped in improving his flexion and abduction. After a while when we were doing AAROM , we saw that his right arm was atrophied, so I searched and came across BFR technique,, which I discussed about it to the patient and applied it. It bought significant changed in muscle hypertrophy.Sole purpose to do BFR technique was to bring about muscle strength and hypertrophy. Now that the right arm is about the same size as left I want to work on external rotation and abduction movement. So my question is can we do mobilization to achieve that movement?? I know we cannot but just hoping for it,, or anyone know any technique to increase ROM without putting lot of stress on that tear.... Thank you",Can we achieve shoulder external rotation in supraspinatus tear (partial thickness)
physiotherapy,"Hey guys I was pretty keen on going to chiropractic school but finally had the realization that it isnâ€™t for me. I really love the work Physiotherapists do and that itâ€™s scientifically backed by evidence. I would like to go to Physiotherapy school after my undergrad (going into my 4th of Kinesiology). I wanted to ask this subreddit what I should know and for some tips before applying to Physiotherapy programs in Toronto. Iâ€™m probably going to take an extra year to retake/take any courses to meet the requirements to apply. Are there any easier Physiotherapy programs in terms of acceptance rates that I can also take a look at, since I know Toronto programs are super competitive. Thanks for the help guys!",Interested In Physiotherapy - Need Help
physiotherapy,"hey guys, 

I'll be studying for Bachelor of physiotherapy soon I was wondering if anyone could recommend good beginner books? I am not sure which ones to choose because there are so many options !! I will be studying in Australia are there any specific books universities tend to refer to? 

Thanks",Book recommendations for Physiotherapy students
physiotherapy,[removed],Why are chin tucks recommended to only do for 5 seconds as opposed to other stretches that are usually at least 30 seconds?
physiotherapy,[removed],India's No.1 Physiotherapy Brand- The Skilled Physio | Book An Appointment Now
physiotherapy,,The Skilled Physio- Physiotherapy At Home | Best Physiotherapist Near You
physiotherapy,"Hi I'm looking to put together a complaint about a physio therapist so I'm looking for some insights into good/bad practices. You might see several similar posts from me here over time.

Question:

Is it ethical/legal to take a picture of a client on the professionals phone? Said client was half dressed lying face down and wasn't asked for consent, it was done to show the client his back posture supposedly but this was never asked for or initiated . The therapist also showed the client similar photos of other clients on his phone talking about there personal injury. This was not done in a professional manner and seemed like they were mocking the other clients of how bad their posture was and laughing etc. This made me extremely uncomfortable.

There are countless other more serious issues with this therapist but I'm wondering how serious this would be considered by other professionals?

Thanks for your insights",Unethical Practice?
physiotherapy,"So i live in belgium and i work in a nursing home as a physiotherapist. Recently the law has changed and i am not allowed to treat the ""self sufficient"" residents, only external physiotherapists are allowed. Most of these residents dislike that because they prefer me as i am a familiar face. Could i maybe start a side buisiness as a self-employed physio and treat them after my hours at the nursing home? Anyone who knows more about this strange new law, please endulge me :)
Thanks in advance",How do i legally treat my patients? More info in text.
physiotherapy,,Affordable services for Physiotherapy In Western Australia
physiotherapy,"Hi everyone! 

(first of all, i hope this is the right thread)

I've just received my Bachelor's in Physiotherapy in India and I aim to complete my Masters degree (in neurologic conditions) abroad. Most preferably in Australia, NZ or in the UK/around Europe. Of course I know that being an international student will cause a HUUGE dent in my wallet- but I wanted to study and complete my masters somewhere I can settle down; and for me it's either of the two. 

I've done most of my research on a good, well-reputed college, but I am still unsure of how the course goes in each country; and for that I'd need your help!

For universities in the UK, most of them need an experience of 1-2 years and I honestly couldn't find a course that didn't need it. If you have any in mind do let me know! But for now, UK is my last option.

&amp;#x200B;

In Australia and NZ (gosh, i know it's going to be super expensive), I found UTS and AUT quite interesting.... however, I also noticed that neither offer neurology focused courses. I just need a glimpse of how the degree is carried out, so if anyone has a basic idea... please do let me know.

&amp;#x200B;

Essentially I am to become a neuro-physiotherapist... and if you'd help me move on from carrying my bpt degree to a masters in the same field... i'd be really grateful.

Any other routes are also appreciated, I'll take all the help I can get!

Note: My grades are pretty good, IELTS around 7.0/7.5, financially i'm OK... but we would take out a loan if need be.

Another note: SORRY IF THIS IS IN THE WRONG THREAD!!!",Msc Physiotherapy help!
physiotherapy,"Hi, I was wondering if it is against the code of ethics to tell a client randomly a bunch of times to leave a positive review for them on their site and for the client to direct people in online forums to their site for business. If so, how bad a practice is this? Like basic common knowledge in the field?

I would talk about an online community here on Reddit for a specific injury I had and he didnâ€™t seem to care about what I was saying but only for me to direct them to his site for business. He brought this up several times randomly over different sessions telling me to direct people to his website.

If I mentioned that I was feeling better he would also tell me to write a positive review on his site. He done this about 4 times as well.

I wouldn't respond and never done either of these.

&amp;#x200B;

Thanks!",Is this Ethical Practice?
physiotherapy,"Was wondering what other job opportunities do you guys know or have experienced while being a student thats beneficial in terms of having extra experience/ learning? 

Iâ€™ve applied in hospital setting PTA and private clinic receptionists roles (hoping to also mirror physiot I can and go through case studies with them etc)

I just want extra experience outside of uni and I dnt know where else to apply..

Australia",Job opportunities as student physios
physiotherapy,,"Hey, student here. Iâ€™m wondering if anyone knows any good audiobooks on audible (Australia) that may help boost my learning - hoping for some concerning musculoskeletal! Thanks!"
physiotherapy,"Any recommendations? I was looking at FRC, but a couple of you guys don't like it here?",Courses/Certification for PTA
physiotherapy,,Anyone have a clue what this might be?
physiotherapy,,Anyone have a clue what this is or where I can find it?
physiotherapy,"Hi there,

4th year undergraduate in Singapore and I'm currently in placement. There's this new school policy for allied health students in placements which says that for students who fail 2 consecutive placements, the student will be asked to drop out of the course (that is to ""maintain the standards of \[the university's\] graduates""). Unfortunately I'm stuck at this choice point now and thinking whether I should  appeal to the examiners' board to repeat my MSK placement a 3rd time or to just drop out. 

In the first MSK placement I didn't start it with the right headspace - I didn't think I had good foundations because I didn't do well at all for the past 3 years which have been a struggle. I scraped through my practical exams as I have performance anxiety, and I'm currently seeing a counsellor to manage it. Staying back till late to plan for the following day's cases also took a toll on my physical and mental health. Couple that with poor confidence and low self-esteem, when I was unable to perform during my cases I just spiralled. I cried 4 times in front of my work mentor for 4 weeks and was miserable and tardy in general.

I was more in control and could manage my mental health better in the 2nd placement, so that was where my difficulties with the clinical skills were more apparent. Because I was caught up with wanting to do things right rather than safe, I tend to zoom in on what I want to observe and I fail to widen the lens and see what's around me. For instance, I would usually stand at a distance to observe my patient's gait, but you should at least be at a standby assistance level if the patient's gait is unstable.

Another reason is that I have difficulty modifying my assessments and treatments to my patients' needs on the fly. I find that difficult to plan for or predict, and the possibilities can be endless. Many times I had to scrap my plans for my review knee patients as they would present with acute flare-ups, or find that their main concern is now their back pain.

I have been asking my closer friends for their perspectives and most of them agree that I should toughen it out and complete the degree. My fourth year is only less than 9 months. However I found that the past 3 years have been a struggle - I couldn't find anything which I really excelled in (anatomy was REALLY challenging because I coudn't memorise well), I didn't really ""enjoy"" what I learned and my GPA is less than a 3. The main reason I joined physiotherapy was because I wanted a career that could impact the lives of others meaningfully. But it is also true that I can also do the same in other professions.

I  just feel that things would only go uphill from here should I be successful in my appeal- I am behind my peers 3 months, would be juggling with 2 thesis (1 group and 1 4.5k individual)  papers, and I must not fail my remaining 3 placements (MSK is my 2nd of 5 placements). At this rate I'm not sure if I can graduate with my peers on time; I will know more once the head of programme emails me regarding the next actions to take. My friend says I should just tackle things one at a time, but it's demoralising to know that even though I have put my best foot in it wasn't enough for me to make it through and I'm just tired. If I do decide to drop out, I do have backup plans to venture into F&amp;B, which is something that excites me.

Thanks for taking the time  to read through. Any thoughts and words of wisdom would be very much appreciated.",Thinking of dropping out of physio
physiotherapy,"I did my undergrad sports science degree with 2.93/4 GPA and did another master of sports medicine(but my GPA is not high for this program).

Is that still possible to enroll or get into the MPT or DPT in MQ/USYD/UTS?

Anyone can share their experience about their applications?

Thank you.",Master of Physiotherapy/ Doctor of Physiotherapy in AUS
physiotherapy,,Master of Physiotherapy/Doctor of Physitherapy
physiotherapy,Looking for some online resources/courses/quizzes that are well packaged as a little extra thing to dive a bit deeper on some topics. Does anyone use physioplus? What do you think of it if so?,Physiopedia's Physioplus service: What are people's thoughts on it?
physiotherapy,"When you make a fist and relax it why do I see something moving in my wrist, is it muscle/tendon, what is it?",What is it
physiotherapy,"Hurts to supinate arm when elbow is bent, anyone else has this problem?",No idea
physiotherapy,"Hi all,

I have recently started my first rotation in msk in the UK. I was wondering if anyone had any tips for time management. We have 45min new patient and 30for follow ups, when I have 10-15 minutes after a session I am ok, but back to back patients is leading to me either being late, or my notes and exercise plans piling up and ultimately me starting to miss things and my clinical reasoning going out the window. I know I need to finish my sessions earlier, but struggling to fit everything in, usually in a back pain patient it takes me 4-45 to do a full subjective and my neuro...",Time management which in msk new grad
physiotherapy,"I am a new physio grad and I am trying to gather some information on the different benefits and salaries across Canada. I am in BC so I may have different ideas compared to other provinces. If you do respond can you please give a rough idea of what kind of work you do, your hours per week, and general salary.

I also could be very wrong with some of my information so please correct me 

From what I have heard: 
Private clinic contracter - starts with 50/50 split for new grads - if busy can make 100k+ a year. Average salary in a busy clinic working 35 hours a week - 110k? - you do not get paid leave or vacation as you are not considered ""an employee"" of the clinic. I am unsure if you get benefits from the clinic as well


Private clinic hourly - Starts 35 - 40hr. Can get up to 45/hr - you get paid if you see 5 patients or 15 patients in a day. You also get paid time off, vacation and benefits as you are an employee of the clinic and not considered a contracter. 

Working in hospital - Starting 34 - 37/hr depending on province. Can get up to 44 - 48/hr depending on time and experience. Great benefits, time off, vacation, pension etc. Can take a while to get above 40+/hr compared to working in a private clinic. I also heard you have to be on call on weekends and holidays when you first start out.

Thank you for reading and I hope to get some responses back",Differing salaries in Canada
physiotherapy,I'm thinking about majoring in physiotherapy but everyone told me it's too hard and too many information in short period is it that hard?,How hard is physiotherapy
physiotherapy,"Currently in my final year of highschool, not seeking career advice but rather your experience as a physiotherapist? What is your lifestyle like (i.e work-life balance)? Is it what you expected it to be? What should one expect going into physio? What do and don't you like about it?

Thanks in advance.",What is it like being a physiotherapist?
physiotherapy,,Best physiotherapy clinic calgary
physiotherapy,"Is the shoe really the reason?
the pain persists eversince",I started feeling pain in Achilles tendon after wearing certain shoe that puts pressure on the tendon
physiotherapy,"May seem like a silly question but I am early days with a pretty bad proximal hamstring tendinopathy which will take a long time healing, 3 months + Iâ€™m told. Am still training upper. But my lifts seem to be way weaker than usual. Eg shoulder press is 5kg down. Is there a correlation or am I imagining it? Have never had a bad injury before!
Thanks",Hamstring injury. Upper lifts weaker?
physiotherapy,"Hi Everyone,

I am trying to help my wife find some volunteer opportunities as OTA/PTA in Toronto / GTA. Sheâ€™s been out of the field for a few years and she is looking to regain her knowledge. Ideally she would like to volunteer at a rehabilitation centre. Any suggestions on how to find volunteer opportunities? Thanks!",Volunteer OTA/PTA Opportunities in Toronto/GTA
physiotherapy,"Hi team, so I've recently graduated from Masters of Physiotherapy and have secured part-time work in a private practice and casual work in a hospital. I was wondering if anyone knew what to expect as a new-grad, as I'm starting to have second thoughts about whether this is a good idea or not - mainly for reasons involving appropriate support, job security and development. 

Any info or advice is greatly appreciated!",What's it like juggling private practice and hospital work as a new-grad?
physiotherapy,,"Does this career preserve all these efforts ? Plz, i want someone to tell me about only advantage in this sh**?"
physiotherapy,"Hi, I have a question about language learning. I posted maybe something similar, but still have some questions cause I accidentally deleted the thread.

Currently I live in Croatia. Right now going into my last year of Bachelor degree, planning to do a Master's degree after Bachelor also. 

My English is at C2 level, I have a certificate following CEFR standards. I'm also starting to learn German from A2 level this fall. Planning to get my German to B2 level. 

Now I wanna know how much does it help with job finding and employment, to have these language certificates?

Will it be a lot, lot easier to find a job or it's still gonna be a pain in the ass?

My big goal is to work in some professional sports (football club, basketball etc.) outside.

 A smaller goal first is to get a good base of knowledge, experience( already volunteering in professional football club) and I guess language while I'm still a student. 

I am of course willing to work first in some clinic or rehab center but would like to push myself and get into sports somewhere out there. How much does language help with that?

Thanks for answering my question.",Language learning
physiotherapy,,cross post from r/RedSmileGroup :-)
physiotherapy,,Pec tear. Or ligament tear.
physiotherapy,Would be interested to hear the differences between NHS and Private PTâ€™s,"Physios, whatâ€™s the best and worst part of your job?"
physiotherapy,"I'm a 25-year-old from Canada with a liberal arts degree. On top of that, my GPA isn't very good. It's about a c+. 

I'm interested in becoming a physiotherapist.
I've been doing my Google's and found out that one can become a physiotherapist even if they don't have a science degree, but with a degree in anything. The catch is that they must take the prerequisite courses and get a certain avg in these courses. On top of that, they must have a certain sub gpa.

I want to know if I can become a physiotherapist with my credentials.

If so, how?

If not, what should I do?",How does one become a physiotherapist in Canada without a science degree?
physiotherapy,"I have a kid who is starting tackle football this week. He will be playing blind side tackle on the O-Line and defensive end on the D-Line. Since these are not ""skill positions"" like running back and wide receiver, that need to do a LOT of cutting movements, I was wondering if it would be wise to do a small tape job as a preventative measure. Lineman are constantly pushing each other off balance and there is a small but reasonable expectation that you might have someone crash into your legs/ankles while you're focused elsewhere.

At the same time, my kid is 11, so he's basically made of rubber and can bounce back very quickly. 

disclaimer: I have never played american football, but was a competitive soccer player. Taping my ankles was out of the question as a midfielder who needed all the range of motion I could get. But I am familiar with taping because of multiple ankle sprains over time",Should kids tape their ankles when playing sports?
physiotherapy,I'm a foreign educated DPT (Pakistan) and I'm interested in doing my postgraduate training in the UK preferably in something MSK related. From what I've researched there are a few universities that are offering degrees in advanced musculoskeletal physiotherapy like Coventry so I would like to know the quality of the masters program and if you guys can give me some other recommendations that can help me improve my clinical skills when it comes to MSK physio. I would also like to work in the NHS after completing my masters so are there any pathways and how is the job market for PT in the UK etc? Would appreciate all the guidance :),What are some good postgraduate courses in musculoskeletal physiotherapy in the UK?
physiotherapy,"I'm wondering if you guys could explain something to me real quick regarding insurance as I'd like to see a physio. 

My insurance covers physio, massage, Chiro, etc.

But it also says under all of this:

$800 per benefit year for all practitioners combined

Does that mean I can only use $800 for each category? 

Thanks.",Quick question regarding insurance coverage
physiotherapy,"Hey guys,

I'm 27 from the UK and am wondering if anyone can give me any tips or recommendations where to start to get into sports physiotherapy?

A bit of background about myself. I have no prior knowledge of the profession but have been athletic all of my adult life. I am a 9+ year BJJ practitioner and have also been doing CrossFit for a number of years, I have been to a number of different physio over the years for injuries or to improve movement and have always been fascinated by their knowledge, and have always wondered whether it could be an interesting career path for myself. Unfortunately all of my qualifications are related to my current career which is nothing to do with sport. 

I am fully aware I would eventually need to take a full degree, however at the moment it's still just an idea. So I was wondering if there is anything you could recommend for.me to dabble in to see if it's really for me. Any small time courses maybe, books? Whatever ðŸ™‚. As I am ofcourse reluctant to spend thousands and years to change careers if I'm not 100% sure it's right for me.

Thanks!",Where to start?
physiotherapy,"I'm from Canada specifically Ontario and I'm entering my grade 11 year. I have all the classes needed for physio such as chem,bio, and even a class that introduces us to kinesiology. It is a grade 12 class and I'm worried that I may have to retake in grade 12 because I didnt do as well. What kind of marks should I be getting to get into a good program? And can someone explain to me generally how to become a physiotherapist?

My family has also recommended I volunteer at a clinic to see what they do but I'm not quite sure how to do that as someone with little volunteer experience/getting out there on my own lol. 

Any help would be appreciated thanks!",High School Kid looking To Be Physiotherapist
physiotherapy,[removed],Whats the difference between muscle weakness and hypotonia in babies?
physiotherapy,"I'm **recruiting UK patient facing healthcare staff** to take part in **research into values, wellbeing, and burnout.** I welcome you to take part and also to spread the word. The **survey takes 30 minutes**, but there's a **chance to win Â£100** for your time. Thank you in advance. 

**Please note** that the survey is easier/faster to complete on a laptop/desktop rather than mobile device. 

**Click the link** for further information and to take part!

[https://unioflincoln.eu.qualtrics.com/jfe/form/SV\_eOM9lhw0NQgYYdg](https://unioflincoln.eu.qualtrics.com/jfe/form/SV_eOM9lhw0NQgYYdg)","[Repost][Academic] UK Healthcare Staff Values, Wellbeing, and Burnout Survey. Have Your Say!"
physiotherapy,"Hi, I am a biology student (and fitness instructor) in the UK and I'm considering my options after graduation. I would like to work in healthcare as it's always interested me, but I'm not sure which section of healthcare would be best for me. I'm considering doing a physiotherapy masters degree, could any physiotherapists give me advice? 

Do you enjoy the job?
Is it rewarding?
Do you feel you are paid fairly?
Is there lots of work available?

Thanks in advance for any help",Is physiotherapy a rewarding career?
physiotherapy,"Hi all

Iâ€™ve just finished my bachelor of sports and exercise science from WSU and am now doing an additional unit to satisfy the prereq for the masters program at USYD/UTS. My main concern however, is my GPA - 5.571 on a 7 scale. Iâ€™ve converted this to WAM if it help, coming in at 74.15. Does anyone have experience with being selected for either masters program with a relatively â€˜averageâ€™ gpa, or know someone that has? UTS has an interview process so Iâ€™ll need to be sure that I nail that. Anyone have any tips? 

Thanks!",Sydney - Masters of physiotherapy
physiotherapy,"Looking for some inside knowledge about this program. How does it compare with the masters programs available in Sydney? The 3 years doesnâ€™t deter me, just looking to weight up my options in terms of quality of program / education and overall experience!",Macquarie Uni Physio Doctorate (Sydney Australia)
physiotherapy,"I'm a recent Canadian physiotherapy graduate in Canada (currently a Resident, soon to be full physio) working in private OP ortho.

I'm looking to expand my skillset with either acupuncture (not sure what program probably mac) or dry needling (looking at the functional dry needling from evidence in motion).

 Would anyone recommend one over the other? For some added context my practice is 30 minute treatments with no PTA, I do 50% manual and 50% exercise rehab type stuff. Population is mainly active adults, with a small amount of amateur athletes.",Continuing Education: Acupuncture or dry needling
physiotherapy,"I am in my final year of my PT masters in Canada. And, just curious what are some post-grad continuing Ed courses that people feel are most valuable 

Thanks!",Best Post-Graduate Continuing education courses?
physiotherapy,"Hi

I was diagnosed with tension headache.Just yesterday I realised that is coming from my neck since I've tried a lot of meds nothing was helping much apart from ibuprofen I found this guy on the internet since I started doing this exercise(chin tuck) I started feeling immediate results it was improving (buy the way I have this tension headache for 8th months now),but the problem is that when I was doing this exercise yesterday (I did 3 or four times during the day) with the last I was golding this ""chin tuck"" until I counted to 200 my blood pressure went insanely high and I start having tinnitus.

My blood pressure is a bit high 95 over 155 but it went extremely high after this exercise.

Could you tell me can I do this exercise everyday??(If I am having this high blood pressure issue)

And wat is the safe ""hold"" period (obviously I was doing more than this guy is recommending in the video)

Looking for some advice(as this is helping) but need more advice how to keep going with the exercise but not to affect blood pressure( how long to hold and how many repetition and how many times a day???)

It also reduces my blood pressure if I am not overdoing it.

Is it possible that I have discopathia(or is it possible that stiff neck can bring blood pressure up) that is bringing my blood pressure up and causing headache???

Here is the video with the exercise:

[https://youtu.be/MI9o8SOxldY?t=164](https://youtu.be/MI9o8SOxldY?t=164)

Thank you and all the best",Tension headache exercise question
physiotherapy,"How do you feel about your role as physio in respiratory unit( acute, continues care unit, long term care unit)?
What does a day look like at work?",Satisfaction as physio in respiratory unit
physiotherapy,Hello! My boyfriend is studying physio therapy and wants to practice on me but unfortunately thereâ€™s nothing wrong with me lol. Is there anywhere online I can access free case studies so I can pretend to have particular symptoms which he can then diagnose?,Case studies for student physios?
physiotherapy,"Hi guys,

I'm a a college student currently studying physio in Ireland. I was just wondering if the qualifications I get from this degree (if I pass, this course is destroying me) would allow me to work in the States? I've tried to search up answers or get insights and stories online, but I can't seem to find any Irish physios who have made it over there. 

Any help would be much appreciated, thanks!",Irish physiotherapists in America
physiotherapy,"Hi all!

I'm pursuing a career in PT, and am currently working through pre-requisite courses with the goal of applying to MSc PT for 2022.  I completed a Bachelor of Arts in political science in Canada in 2014, but  have bad grades from the last 2 years of the degree, and am now concerned this is going to hinder my applications.  I have been taking courses to boost my cumulative GPA, and have over 100 hours shadowing with a PT hoping to offset these old grades.

I'm considering programs in Canada, but have also heard from colleagues in the industry that international schools are more lenient with entry requirements.  Any international students/practicing PT's with similar experience out there?  Would love to hear from you!

Would really appreciate any advice you can offer on navigating international or domestic applications, strategies, or tips and tricks you learned from the process.

Thanks!!  


TLDR: Im 29 and pursuing a career switch to PT, I have bad grades from my undergrad, and now considering international programs as I've heard they are more lenient on entry requirements.  Please share any advice on application considerations you may have! Thanks! :)",Mature Student with Bad Grades from Undergrad Messing with MSc PT Apps - Please help!
physiotherapy,"This is gonna sound kinda stupid, but is there a way to workout/train your upper body without having to use your shoulders much ? Maybe some isolated workouts ? 
Iâ€™m just suffering from shoulder tendinitis and it pains me that I havenâ€™t been able to do much to train other than to rest and mainly just bicep curls",Upper body workouts
physiotherapy,,"Do you suffer from sore muscles &amp; stiff, aching joints? Are you experiencing tension, headaches, and back or neck pain?"
physiotherapy,"This is a very specific questions but that's kinda the whole point.

I'm a Masters of Physiotherapy student, soon to do my placement and I've finished most of the work I'll do surrounding low back pain.

I understand researching back pain is immensely difficult, but why are so many papers still focused on **non-specific low back pain** as one huge category? I understand that this diagnosis exists because the vast majority of cases have no clear cause,

however:

Most non-specific patients can be somewhat categorized based on what their aggravating movements are or if they have deficits in **mobility** or **control** (See the O'Sullivan categories); **is there any research that uses this level of specificity?**

All help is appreciated. No respect to researchers in this field by the way, big improvements are showing in recent years and I cannot imagine how hard your jobs must be right now.","[Student in Australia] Most non-specific back pain research seems far to broad to be useful, where can I find research that's more specific to the sub-types of back pain?"
physiotherapy," Croatia.

Right now I'm in my last year of Bachelor's degree in physiotherapy. I'm planning on also finishing Master's degree right after my bachelor's. 

During these three years of Bachelor's degree i finished a number of courses like dry needling, Cyriax A + B, sports massage, myofascial relaxation etc. Also I went for three weeks to work in nursing home in Portugal during high school because of Erasmus.

Right now, I'm volunteering as a physio in a professional football club in 2nd league for about 9 months now. 

My English is at C1-C2 level, and I'm about to start learning German from A1. So, you can see I'm investing heavily in myself and I plan to continue doing during Master's degree.

Now in Croatia to obtain our license we need to do a year of internship which is really hard to get because there are very few openings. Like some people wait over two years to get it.

But you can do a internship outside in Europe if a clinic or some institution is willing to take you. I plan on finding some place outside of Croatia for that after my master's.

So here's the question, with my resume that I just wrote here how hard would it be to find some place in Germany, Austria, Ireland etc. to finish an internship and start working there as a physio?",Good enough for working in my field?
physiotherapy,"Hi,

When I was 10 years old I had an operation on my Achilles tendon to stop me walking on my toes, I have no idea what the procedure is called.

I havenâ€™t had physio in like 14 years and my left calf muscle has always been sore but a lot worse than my right calf since the operation.

What physio is best for this?

Would it be worth getting physio again? It donâ€™t hurt when I walk etc but hurts when I touch my calf muscle. Area where the scars are donâ€™t hurt at all.

Thanks",Achillesâ€™ tendon operation home physio?
physiotherapy,"IÂ´m currently doing my social service at a public hospital, this has been my first week and thigs has been... emmm.... not quite what i expected.

To start, i attend patients groups on my own, like 3-6 patients at a time not a HUGE deal but the problem is that every single one of them has the excact same treatment, like, it doesnÂ´t change one thing (iÂ´m in the lower member area, so all patients are HKA) and when i try to adapt thing to each patient my direct superior tells me no, that those are direct orders from the medical team and it is becoming quite frustrating.

The tratment that all those patients have consist on 20 mins of CHC, stretching, excercices with a elastic band and a walking circuit.

So my question is on the title, what should i do? I feel that this is a moment not just to keep learneng, but to put in practice the things i know, to actually help my patients.

Has anyone have a similar experience? What did you did?",What to do here??
physiotherapy,"Hi everyone,

Looking for some advice regarding the pre requisite requirements for these physio masters programs. 

I am in the midst of completing some of my pre requisite subjects for my application - but looks like I may miss out on one pre requisite subject (exercise phys ) as it is already heavily waitlisted. Does anyone have any experience with applying to the masters with being shy of the pre requisite requirements? Would prefer not to have to wait another whole year to apply :( 


Any help is much appreciated",Masters of physio- USYD / UTS Australia
physiotherapy,"Hi i know you don't give out medical advice on this sub, but currently feeling some pain in lateral meniscus when the hip is flexed and foot is internally rotated, its been getting worse as our mens league season has started and with every game comes more pain.

If someone could point me in the direction of a youtube video or some stretch/strengthening exercise to help mitigate the damage",Recommendations for lateral meniscus pain
physiotherapy,"Firstly, I wish him a good recovery and hope he gets back to lifting heavy and strong!

It's interesting to see footage of how it happened as well. I've never found footage of back pain as it kicks in that wasn't from trauma like on the sport field.

It's great that he's documenting his recovery from what the clinical guidelines recommend is evidenced based practice. I assume he's doing what he recommends to all his patients in his situation. 

We also get to see it play its course out and have one record (that's not just a number in a published trial) from a human going through from injury to being painfree and active again.",Anyone else following Adam Meakins' back injury on instagram/Twitter?
physiotherapy,"Hello,

Iâ€™m based in Ireland but have just gotten a place to study Physiotherapy in the UK. If Iâ€™m being totally honest my preference would be work in a sporting context. The hospital environment may not be for me, even though I have very little experience in that setting. My question is, is it worth splash out the hefty fees for this course or is there some alternatives? 

For some context Iâ€™m in my thirties and have a BSc and MSc in Exercise Science.

Really appreciate any help here.",Physiotherapy course or alternatives?
physiotherapy,,Welcome to Physio Plus Physiotherapy &amp; Rehabilitation Center Dubai
physiotherapy,"Hey guys,

I'm from Melbourne, Australia and I'm interested in transferring to a Bachelor of Physiotherapy at either La Trobe or Monash.

I'm mostly worried about whether or not I'm going to be accepted for next year because I know it is HELLA competitive.

Just for some context, I'm currently studying biomedical science at a different university with a 3.87 (out of 4) GPA or an 88.7 average. I was just wondering how competitive it is to be able to transfer from another uni to this, and if I have a good chance. I know La Trobe asks for an 80 WAM but they mentioned to aim higher.

I've also completed all VCE prerequisites in year 12 with an ATAR in the 90's. 

The application is through VTAC so I'm not sure if I'm able to show them my extracurriculars to strengthen my application too :( 

Thanks guys â˜ºï¸",Transfer to Bachelor of Physiotherapy
physiotherapy,,Hey everyone. I am a researcher from Tel-Aviv university. We are doing a study that aims to see if you are up-to-date about lower-limb sports injuries. The survey is intended for athletes and healthcare professionals alike. There is a knowledge quiz at the end so please avoid spoilers for others ðŸ˜
physiotherapy,"So im really thinking about living in the netherlands and working as a physical therapist. Can anyone inform me about the work enviroment, hours and pay? From my research the Netherlands is a great place to live but i cant seem to find any information about what is it like to be a physio. Also, is the language difficult to learn? Thanks!",Physical therapy in the Netherlands
physiotherapy,,What courses in college should I do too help me become a physiotherapist?
